index	uniprot	pdb	complex_rmsd	2_aligned	2_comp	state	conformation	region_1	region_2	percent_region_1	percent_region_2	percent_disorder_1	ar_disorder	region_1_mean_plddt	region_2_mean_plddt	mean_pae_1_1	mean_pae_1_2	mean_pae_2_2	smallest_dif
5	P08631	5h0b	2.212	1.415	1.2925	Autoinhibited	Closed	142-239,240-259	76-136,425-514	100.0	85.2459016393443	0	structured	93.424	94.011	5.067	7.308	5.698	6.0
12	P12931	4k11	1.254	1.6705	2.074	Autoinhibited	Closed	249-269,151-248	84-145,524-536	100.0	92.0	0	structured	93.446	86.638	4.907	6.859	10.316	6.0
34	P22681	4a4c	1.37	1.157	2.208	Active	Closed	353-380	381-435	96.4285714285714	100.0	0	structured	76.065	87.666	7.392	10.371	3.862	1.0
122	P28482	5ax3	2.147	2.5365	4.245	Active	Open	173-196	25-172,197-313	83.3333333333333	94.3396226415094	0	structured	66.58	94.114	8.599	14.084	3.528	1.0
140	P29350	3ps5	1.444	1.021	1.765	Active	Open	1-105	244-515	100.0	100.0	0	structured	86.908	95.945	4.129	13.428	3.089	139.0
216	P62826	6lq9	16.048	1.009	38.741	Active	Open	179-216	10-169	100.0	100.0	100	disordered	68.309	94.214	10.256	26.339	3.587	10.0
231	Q6GQQ9	5lrv	7.022	2.561	1.809	Active	Closed	187-193	194-365	100.0	87.2093023255814	0	structured	89.556	89.481	1.796	5.806	5.724	1.0
263	Q8NQJ3	2kb3	15.315	2.552	29.752	Autoinhibited	Closed	1-40	68-117	97.5	100.0	100	disordered	48.829	91.645	18.126	27.956	3.333	28.0
294	Q9UGN5	4zzy	1.954	0.933	2.92		Closed	231-348	356-538	100.0	100.0	0	structured	90.555	96.342	3.885	5.721	2.776	8.0
