pdb	gt_len	gt_trim_len	pred_len	pred_trim_len	gt_perc	trim_perc
2w4o	2136	2136	3651	2136	1.0	0.5850451930977815
3bhh	2166	2153	5111	2153	0.9939981532779316	0.421248288006261
2jam	2234	2213	3723	2213	0.9905998209489705	0.5944131077088369
