gene_name	uniprot	protein_length	region_1	region_2	region_1_len	region_2_len	pdb	pdb_length	resolution	model	chain	label_offset	pdb residues in region_1	pdb residues in region_2	percent_region_1	percent_region_2
SRC	P00523	533	148-245,246-266	81-142,521-533	119	75	2ptk	697	2.35	0	A	-79	119	67	100.0	89.33333333333333
CAMK4	Q16566	473	305-321	46-300	17	255	2w4o	394	2.17	0	A	9	17	229	100.0	89.80392156862746
CAMK2B	Q13554	666	283-292	14-272	10	259	3bhh	365	2.4	0	A	-8	10	255	100.0	98.45559845559846
ARHGEF25	Q86VW2	580	348-472	155-347	125	193	2rgn	327	3.5	0	B	0	110	193	88.0	100.0
